Comment,Designator,Footprint,LCSC Part #,Notes
100uF 35V SMD elec 6.3x7.7,C1,CP_Elec_6.3x7.7,C970686,RVT1V101M0607 (verified in JLC library; alt C2836442)
100nF 50V 0805,"C2,C3",C_0805_2012Metric,C49678,"CC0805KRX7R9BB104, Basic"
10uF 25V 0805,C4,C_0805_2012Metric,C15850,"CL21A106KAYNNNE, Basic"
SS14,"D1,D6",D_SMA,C2480,verified
SMAJ20A,D2,D_SMA,C41376408,SMAJ20A unidirectional
1N4148W,D5,D_SOD-123,C81598,verified
PTC 0.5A 72V 1812,F1,Fuse_1812_4532Metric,C49318438,1812L050/72V (verified in JLC library)
Screw terminal 2P 3.5mm,"J1,J3","TerminalBlock_Phoenix_PT-1,5-2-3.5-H_1x02_P3.50mm_Horizontal",C474892,KF350-3.5-2P (in stock Oct 2026)
G5V-2-H1 DC12,K1,Relay_DPDT_Omron_G5V-2,C128021,verified; Extended
S8050 SOT-23,"Q1,Q2",SOT-23,C50229533,"S8050 SOT-23; 1 B, 2 E, 3 C"
1k 0805,"R5,R7",R_0805_2012Metric,C17513,"0805W8F1001T5E, Basic"
100k 0805,"R6,R8",R_0805_2012Metric,C149504,"0805W8F1003T5E, Basic"
Female header 1x7 2.54,"U1A,U1B",PinSocket_1x07_P2.54mm_Vertical,C7509513,DS1023-1x7SF11
78M05 TO-252,U2,TO-252-2,C9070,"CJ78M05 (verified in JLC library); pin 1 IN, tab GND, pin 3 OUT"
SYN480R (JSMSEMI),U3,SOIC-8_3.9x4.9mm_P1.27mm,C916347,JSMSEMI SYN480R SOIC-8 only; Synoxo part has a different pinout
13.52127MHz 20pF,Y1,Crystal_SMD_HC49-SD,C279599,ECEC C13521J007 HC-49S-SMD (verified in JLC library)
1.8pF C0G 0603,C7,C_0603_1608Metric,C1640,0603CG1R8C500NT C0G 50V
6.8pF C0G 0603,C8,C_0603_1608Metric,C1679,0603CG6R8C500NT C0G 50V
1uF 0603,C9,C_0603_1608Metric,C15849,CL10A105KB8NNNC
27nH 0603,L1,L_0603_1608Metric,C316380,Sunlord SDWL1608C27NJSTF wire-wound Q38
47nH 0603,L2,L_0603_1608Metric,C60035,"Sunlord SDWL1608C47NJSTF wire-wound, Q36"
0R 0603,R12,R_0603_1608Metric,C21189,0603WAF0000T5E Basic
